,Ukraine,Ukraine,"Buldyka village, Apostolovo,",,,,,,Early  Pliocene,~5.3 -3.6 m,entire eggshell,Struthiolithus alexejevi,,,,,Roscin 1962,,,47.662709,47.662709,33.714187,33.714187,,
,Ukraine,Ukraine,"Buldyka village, Apostolovo,",,,,,,Early  Pliocene,~5.3 -3.6 m,entire eggshell,Struthiolithus adzalycensis,,,,,Roscin 1962,,,47.662709,47.662709,33.714187,33.714187,,
,,Namibia,,,,,,,Early (-Mid?) Pliocene,1-5 MA,,Struthio daberasensis,,,,,Senut B. 2000,,oospecies,-22.95764,-22.95764,18.49041,18.49041,,
,,Namibia,,,,,,,Early (-Mid?) Pliocene,2-5 Ma,eggshell,Struthio daberasensis,,,,,Senut B. 2000,,,-22.95764,-22.95764,18.49041,18.49041,,
,,Namibia,"Sud au Luderitz, Elisabethfeld,",,,,,,Early Miocene,20 ma,,Struthio coppensi,,,,," Mourer-Chauvire et al., 1996",,oldest Struthio fossil found,-22.95764,-22.95764,18.49041,18.49041,,
,,Namibia,"Sud au Luderitz, Elisabethfeld,",,,,,,Early Miocene,20 ma,left tibiotarsus- distal end and shaft (holotype) // (paratypes) left femur- proximal end // left tarsometatarsis- distal end // right tarsometatarsis- shaft // left fibula //,Struthio coppensi,,,,,"Mourer-Chauvire et al., 1996",,,-22.95764,-22.95764,18.49041,18.49041,,
,Georgia,East Georgia,Dmanisi,,,,,,Early Pleistocene,~2.5 M - .77 M,2 femora,Struthio dmanisensis ,,,,,N. I. _urchak-Abramovich and A. K. Vekua 1990; Vekua 2013,,,41.3298054,41.3298054,44.2073125,44.2073125,,
,Georgia,East Georgia,Dmanisi,,,,,,Early Pleistocene,~2.5 - .77 Ma,,Struthio dmanisensis ,,,,,,,,41.3298054,41.3298054,44.2073125,44.2073125,,
,Mongolia,Mongolia,"Doshen, Olan Chorea, Ertemte, Tjelgol-Tabool",,,,,,Early Pliocene,~ 5.3 m,,Struthio mongolicus,,,,,"Lowe, 1931",,,46.862496,46.862496,103.846656,103.846656,,
,India,India,Uttar Pradesh: Nullas,,,,,,Early Pliocene?,~5.3 -3.6 m,eggshell fragments (British Museum),Struthio indicus,Struthio asiaticus,,,,"Bidwell, 1904 Ibis","(E Bidwell - Ibis, 1910) * paper cited by Mikhailov requested",,26.8467088,26.8467088,80.9461592,80.9461592,,
revisited,Country*,Country,Region,Site,Calendar Date (95.4%) (BC),"Cal age BP "" 1s/ka",14C age BP,Calculated Age (1950 - # for BP) (BC),Epoch,Other available age data from publications cited,What type of sample,Species Referal,Species Referal Revised,Specimen Number * check (institution),Internal Lab ID ** check,details of location/environment,Cite,This paper cited...,Comments,Coordinate_lat,LAT,Coordinate_long,Long,,Dating Method
,Kenya,Western Kenya,,,,,,,late Middle Miocene,~16 - 5.3 Ma,,Struthio sp.,,,,,Pickford 1981,,loenard 2006,,,,,,
,,Tunisia,,,,,,,late Middle Miocene,~11.6 - 5.3 m (late Miocene),,Struthio sp.,,,,,"Rich, 1972",,,,,,,,
,China,China,"Yangwapuzijifang, Gansu Province",,,,,,Late Miocene,~ 11.6 - 5.3 Ma,"incomplete pelvis, synsacrum",Struthio linxiaensis,,,,,Hou et al. 2005; Hou 1994?,,,36.059561,36.059561,103.826447,103.826447,,
,China,China,"Yangwapuzijifang, Gansu Province",,,,,,Late Miocene,~ 11.6 - 5.3 Ma,,Struthio linxiaensis,actually Orientornis?,,,, Hou et al. 2005; Hou 1994?,,,36.059561,36.059561,103.826447,103.826447,,
,Ukraine,Ukraine,"Velikaja Michajlovka County, Odessa District,",,,,,,Late Miocene,~ 11.6 - 5.3 Ma,,Palaeostruthio sternatus,,,,,Burcak-Abramovich 1953,,,47.089387,47.089387,29.858264,29.858264,,
,,"Buldyka, Ukraine; China (Kalgan, Honan)",,,,,,,Late Miocene,~ 11.6 - 5.3 Ma,,Struthio chersonensis,,,,,"Eastman, 1896; Andersson 1923; Barbour 1924; Teilhard de Chardin 1928; Clark 1918)",,,35.86166,35.86166,104.195397,104.195397,,
,Ukraine,Ukraine,"Velikaja Michajlovka County, Odesa Distric",,,,,,Late Miocene,~ 11.6 - 5.3 Ma,,Palaeostruthio sternatus,,,,,Burcak-Abramovich 1953,,,47.089387,47.089387,29.858264,29.858264,,
,,"Buldyka, Ukraine; China (Kalgan, Honan)",,,,,,,Late Miocene,~ 11.6 - 5.3 Ma,,Struthio chersonensis,,,,,"Eastman, 1896; Andersson 1923; Barbour 1924; Teilhard de Chardin 1928; Clark 1918)",,"described by Brandt, 1872",35.86166,35.86166,104.195397,104.195397,,
,Japan,Japan,terrestrial Aoso Formation,,,,,,Late Miocene,~ 11.6 - 5.3 Ma,thoracic vertebra,Struthio sp? A large bird but needs investigation,,,,,BMNH- cast-comunication from Kohno unpublished?,,,,,,,,
,Ukraine,Ukraine,"Sirjaevo County, Odesa District,",,,,,,Late Miocene,~ 11.6 - 5.3 Ma,distal tarsometatarsis epiphysis,Struthio novorossicus,,,,,"Aleksejev A. K., 1915",,,46.484583,46.484583,30.7326,30.7326,,
,Romania,Romania,Moldavia,,,,,,Late Miocene,~ 11.6 - 5.3 Ma,"R tibiotarsus, distal end",Struthio orlovi,ratite,,,,"Kurochkin & Lungu, 1970",,,47.411631,47.411631,28.369885,28.369885,,
,,Persia (Iran) Maragha,,,,,,,Late Miocene,~ 11.6 - 5.3 Ma,pedal phalanges,Struthio sp.,,,,,"LYDEKKER, Richard. On the Fossil Mammalia of Maragha, in North-western Persia. Quarterly Journal of the Geological Society, 1886, vol. 42, no 1-4, p. 173-176.",,,,,,,,
,Ukraine,Ukraine,"Sirjaevo County, Odesa District,",,,,,,Late Miocene,~ 11.6 - 5.3 Ma,,Struthio novorossicus,sister taxa,,,,"Aleksejev A. K., 1915",,described by Alekseev 1916,46.484583,46.484583,30.7326,30.7326,,
,Romania,Romania,Moldavia,,,,,,Late Miocene,~ 11.6 - 5.3 Ma,,Struthio orlovi,ratite,,,,"Kurochkin & Lungu, 1970",,2nd oldest Eurasian Struthio fossils,47.411631,47.411631,28.369885,28.369885,,
,,Africa,,,,,,,Late Miocene,5-8 MA,,Struthio karingarabensis,,,,,"Senut & Pickford, 1995",,,-8.783195,-8.783195,34.508523,34.508523,,
,,Tunisia,,,,,,,late Miocene,~11.6 - 5.3 Ma,,Struthio sp.,,,,,"Rich, 1972",,,,,,,,
,,Africa,,,,,,,Late Miocene,5-8 Ma,,Struthio karingarabensis,,,,,"Senut & Pickford, 1995",,,-8.783195,-8.783195,34.508523,34.508523,,
,Bulgaria,Bulgaria,,,,,,,Late Miocene/ Early Pliocene,~11.6 - 3.6 M,,Struthio karatheodoris,,,,,"Boev & Spassov, 2009",,,42.733883,42.733883,25.48583,25.48583,,
,Bulgaria,Bulgaria,,,,,,,Late Miocene/ Early Pliocene,~16.6 - 3.6 M,,Struthio karatheodoris,,,,,"Boev & Spassov, 2009",,"described by Forsyth Major, 1888",42.733883,42.733883,25.48583,25.48583,,
,,Tanzania,Olduvai,,,,,,Late Pliocene,~3.6 - 2.6 m,,Struthio oldowayi,,,,,"Lowe, P., 1933",,"not a distinct species, probably s. camelus ",-2.989571,-2.989571,35.353913,35.353913,,
,,Tanzania,,,,,,,Late Pliocene,4.5 ma,,Struthio kakesiensis,,,,,"Harrison & Msuya, 2005",,oospecies,-6.369028,-6.369028,34.888822,34.888822,,
,,Tanzania,Olduvai,,,,,,Late Pliocene,~3.6 - 2.6 m,,Struthio oldowayi,,,,,"Lowe, P., 1933",,,-2.989571,-2.989571,35.353913,35.353913,,
,,Tanzania,,,,,,,Late Pliocene,4.5ma,eggshell,Struthio kakesiensis,,,,,"Harrison & Msuya, 2005",,,-6.369028,-6.369028,34.888822,34.888822,,
,Hungary,"Kisláng, Hungary",County Fejér,,,,,,Late Pliocene/ Early Pleistocene,~3.6-.77M,"numerous fragments of egg shells, one coprourolith",Struthio (Pachystruthio) pannonicus,,,,Gravel pit a t th e S end of the village,"Kretzoi, 1954",,,46.9598173,46.9598173,18.3860884,18.3860884,,
,Hungary,"Kisláng, Hungary",County Fejér,,,,,,Late Pliocene/ Early Pleistocene,~3.6 M - .77 M,left pedal phalanx 1 digiti III,Struthio (Pachystruthio) pannonicus,,,,Gravel pit a t th e S end of the village,"Kretzoi, 1954",,,46.9598173,46.9598173,18.3860884,18.3860884,,
,,Algeria,,,,,,,Late Pliocene/ Early Pleistocene,"~3.6M -770,000 thousand ya",,Struthio barbarus,,,,,,,,28.033886,28.033886,1.659626,1.659626,,
,Ukraine,Ukraine,"Buldyka village, Apostolovo,",,,,,,Lower Pliocene,~5.3 -3.6 m,,Struthiolithus alexejevi,,,,,Roscin 1962,,,47.662709,47.662709,33.714187,33.714187,,
,Ukraine,Ukraine,"Buldyka village, Apostolovo,",,,,,,Lower Pliocene,~5.3 -3.6 m,,Struthiolithus adzalycensis,,,,,Roscin 1962,,,47.662709,47.662709,33.714187,33.714187,,
,Mongolia,Mongolia,"Doshen, Olan Chorea, Ertemte, Tjelgol-Tabool",,,,,,Lower Pliocene,~5.3 -3.6 m,,Struthio mongolicus,Struthio anderssoni,,,,"Lowe, 1931",,,46.862496,46.862496,103.846656,103.846656,,
,India,India,Uttar Pradesh: Nullas,,,,,,Lower Pliocene?,~5.3 -3.6 m,,Struthio indicus,Struthio asiaticus,,,,"Bidwell, 1904 Ibis","(E Bidwell - Ibis, 1910) * paper cited by Mikhailov requested",,26.8467088,26.8467088,80.9461592,80.9461592,,
,Ukraine,Ukraine,Hrebenyky,,,,,,Middle Miocene,~16-11.6 m,,Struthio brachydactylus,,,,,"Burchak-Abramovich, 1939; Burcak-Abramovic, 1949",,"oldest Eurasian Struthio?; ""relatively small but heavily build ostrich with short and compact feet"" (Sauer, 1979 p. 496)",47.459444,47.459444,31.945278,31.945278,,
,Ukraine,Ukraine,Odessa,karst cave near Odessa,,,,,Middle Pliocene,~ 5-3 Ma,femora (4) (3 right femora),Struthio sp. ,,,,,N. I. _urchak-Abramovich and A. K. Vekua 1990 ,,,,,,,,
,,"China: Honan, Shansi provinces; Mongolia?",,,,,,,Pleistocene,"~ 2.6 m - 11,700 years ago",,Struthio anderssoni,,,,,"Lowe, 1931",,oospecies?,46.862496,46.862496,103.846656,103.846656,,
,,"China: Honan, Shansi provinces; Mongolia?",,,,,,,Pleistocene,"~2.58 M - 11,700 years ago",complete OES,Struthio anderssoni,,,,,"Lowe, 1931",,,46.862496,46.862496,103.846656,103.846656,,
,India,India,,,,,,,pleistocene,39000-25000,beads,,,,,,"Bednarik, R 1997",,,,,,,,
,,"China, Mongolia",,,,,,,Pliocene,~5.4 - 2.4 ma,,Struthio wimani,,,,,"Lowe, 1931",,,46.862496,46.862496,103.846656,103.846656,,
,,"China, Mongolia",,,,,,,Pliocene,~5.4 - 2.4 m,,Struthio wimani,,,,,"Lowe, 1931",,,46.862496,46.862496,103.846656,103.846656,,
,India,"India, Ukraine, Moldova",,,,,,,Pliocene,~ 5.4 - 2.4 m,distal tarsometatarsus,Struthio asiaticus,,,,,"Brodkorb, 1963;",* paper cited by Mikhailov requested,,47.411631,47.411631,28.369885,28.369885,,
,,"India, Ukraine, Moldova",,,,,,,Pliocene,~5.4 - 2.4 ma,,Struthio asiaticus,,,,,"Brodkorb, 1963",,"direct relation with karatheodoris; described by Milne-Edwards, 1871",47.411631,47.411631,28.369885,28.369885,,
,,Nimibia,Etosha Pan: Beisebvlakte,,,,,,Pliocene or Pleistocene?,"~5.4 M - 11,700 years ago",,Struthio oshanai ?,,,,,"Sauer, 1966",,,-18.7507137,-18.7507137,16.2522143,16.2522143,,
,Georgia,East Georgia,Middle Akchagil of Kwabebi region,,,,,,Pliocene+Pleistocene?,"~5.4 M - 11,700 years ago",pelvis+ eggshell,Stuthio transcaucasicus,,,,,"N. I. _urchak-Abramovich and A. K. Vekua 1971, 1990 ",,,,,,,,
,,,Table 1: Geographic Distributions and Age of Ostrich Eggshells from Eurasia,,,,,,,,,,,,,,,,,,,,,,
Y,China,China (PRC),eastern Inner Mongolia,Baron Shabaka (BS19),,14714 ± 333,12450 ± 74,10500±74,,,OES,Struthio anderssoni Lowe,,2225-02,AA76427,,"Janz et al., 2009",,,,,,,,
Y- correct lab # from cite,China,China (PRC),,Shuidonggou Locality 2 ,,,26930 ± 120,24980±120,,,OES,,,,Beta 132984,,"Madsen et al., 2001",,"OES ""may be incidental""",,,,,,
Y - incorrect lab #from cite,China,China (PRC),,Shuidonggou,,33232 ± 200,26930 ± 120,24980±120,,,OES,Struthio anderssoni Lowe,,,Beta 132084,"ssociated archaeological dates from Shiyu and Xiaonanhui fall in late MIS 3 (37.6–25 ka BP), when climate was drier","Janz et al., 2009","Madsen et al., 2001",,,,,,,
,China,China (PRC),,Shuidonggou Locality 2 ,,31000 BP,,29050,,,6 OES beads (OESB),,,,,earliest evidence of symbolic pigment use from China.,"Marti et al., 2017",,,,,,,,SEM-EDS and µ-Raman spectroscopy.
Y - requested article,China,China (PRC),Inner Mongolia,Dorolj 1,,31880 ± 800,36368 ± 1218,34418±1218,,,OES,,,Gif-11664,,"associated archaeological dates from Shiyu and Xiaonanhui fall in late MIS 3 (37.6–25 ka BP), when climate was drier","Janz et al., 2009","Jaubert et al., 2004",,,,,,,
Eggshell project samples: IVPP no specimen number ,,,,,,,"10,000-30,000",8050,,"about 18,000ka in other sources",. 5 samples in a plastic box,,,,IVPP no specimen number ,same level as Shandingdong man cave site.?,,,,,,,,,
Linxia ostrich 6 million year.,,,,,,,6 million year.,1944millionyear.,,,,Linxia ostrich,,,,,,,,,,,,,
,Mongolia,Mongolia,,"Shabarakh-usu, Barun Daban",,"8,195-9,550",7483 ± 47 - 8522 ± 50,5533±47,,,N=13,,,,,Desert steppe. Arboreal taxa around lakes.,"Routledge, 2020",,,,,,,,
,Mongolia,Mongolia,Bayan-dzak,Shabarakh-usu 2,,8852 ± 98,7969 ± 37,6019±37,,,OES,Struthio anderssoni Lowe,,,AA76419a,a Weighted average of three dates from same shell fragment.,"Janz et al., 2009",,,,,,,,
,Mongolia,Mongolia,Bayan-dzak,Shabarakh-usu 7,,8984 ± 96,8081 ± 49,6131± 49,,,OES,Struthio anderssoni Lowe,,,AA76425,,"Janz et al., 2009",,,,,,,,
Y,Mongolia,Mongolia,Bayan-dzak,Shabarakh-usu 2,,9401 ± 66,8396 ± 52,6446± 52,,,OES,Struthio anderssoni Lowe,,790-01,AA76416,,"Janz et al., 2009",,,,,,,,
,Mongolia,Mongolia,Bayan-dzak,Shabarakh-usu 2,,9268 ± 99,8268 ± 44,6318± 44,,,OES,Struthio anderssoni Lowe,,,AA76417,,"Janz et al., 2009",,,,,,,,
,Mongolia,Mongolia,Bayan-dzak,Shabarakh-usu 7,,8919 ± 96,8054 ± 43,6104± 43,,,OES,Struthio anderssoni Lowe,,,AA76422,,"Janz et al., 2009",,,,,,,,
,Mongolia,Mongolia,Bayan-dzak,Shabarakh-usu 7,,9458 ± 51,8439 ± 60,6489± 60,,,OES,Struthio anderssoni Lowe,,,AA76424,,"Janz et al., 2009",,,,,,,,
,Mongolia,Mongolia,Bayan-dzak,Shabarakh-usu 2,,9134 ± 89,8159 ±59,6209±59,,,OES,Struthio anderssoni Lowe,,,AA76420,,"Janz et al., 2009",,,,,,,,
,Mongolia,Mongolia,South Gobi,Shabarkh-usu,,"9,035-9,408",,,,,,,,,73/98A,,,,,42.81807°N,42.81807,104.1379°E,104.1379,,
,Mongolia,Mongolia,South Gobi,Shabarkh-usu,,"8,196-8,382",,,,,,,,,73/648A,,,,,42.81807°N,42.81807,104.1379°E,104.1379,,
,Mongolia,Mongolia,South Gobi,Shabarkh-usu,,"9,296-9,519",,,,,,,,,73/790A01,,,,,42.81807°N,42.81807,104.1379°E,104.1379,,
,Mongolia,Mongolia,South Gobi,Shabarkh-usu,,"9,306-9,537",,,,,,,,,73/1034A03,,,,,42.81807°N,42.81807,104.1379°E,104.1379,,
,Mongolia,Mongolia,South Gobi,Barun Daban,,"9,134-9,457",,,,,,,,,73/1790A,,,,,42.81797°N,42.81797,104.13787°E,104.13787,,
,Mongolia,Mongolia,South Gobi,Barun Daban,,"9,140-9,480",,,,,,,,,73/1790B,,,,,42.81797°N,42.81797,104.13787°E,104.13787,,
,Mongolia,Mongolia,South Gobi,Shabarkh-usu,,"9,094-9,424",,,,,,,,,73/790A02,,,,,42.81807°N,42.81807,104.1379°E,104.1379,,
,Mongolia,Mongolia,,Chikhen Agui,,,"10,060 ± 50",8110± 50,,,,"Struthio asiaticus (Brodkorb,1963)",,,""" 79775""",,"Kurochkin et al., 2010",,,44.77,44.77,99.07,99.07,,
,Mongolia,Mongolia,,Chikhen Agui,,,""" 10,330 ± 55""",8380± 55,,,,Struthio asiaticus,,,79774,,"Kurochkin et al., 2010",,,,,,,,
,Mongolia,,,"outwash cut at Baga Gazaryn Chuluu, Middle Gobi (BGC1451)",,14255 ± 249,12203 ± 73,10253± 73,,,,Struthio anderssoni Lowe,,,,the excavated cultural deposit directly overlay a layer of pale Pleistocene loess,"Janz et al., 2009",,,,,,,,
,Mongolia,Mongolia,,Mongolian Baga Gazaryn Chuluu site (BGC 1451),,14255 ± 249,12203 ± 73,10253± 73,,,,Struthio anderssoni Lowe,,,,,"Janz et al., 2009",,,,,,,,
,Mongolia,Mongolia,,Tolbor,,"25,875 - 26,255","21,845 ±79",19895±79,,,N=1,Struthio anderssoni Lowe,,,,"Tundra or Steppe: Reduced arboreal species, Artemesia and Poaceae prevalent","Routledge, 2020",,,,,,,,
,Mongolia,Mongolia,Bayan-dzak,Shabarakh-usu 7,,43027 ± 823,38600 ± 1000,36650± 1000,,,OES,Struthio anderssoni Lowe,,,AA76423,,"Janz et al., 2009",,,,,,,,
,Mongolia,Mongolia,,Khar-Khets,,,"37,510 ± 930",35560±930,,,Internal part of eggshell.,Struthio asiaticus,,,60742b,,"Kurochkin et al., 2010",,,""" 45.17""",45.17,101.17,101.17,,
,Mongolia,Mongolia,,Ongonc,,,"37,770 ± 900",35820± 900,,,Internal part of eggshell.,Struthio asiaticus,,,60774b,,"Kurochkin et al., 2010",,,""" 50.00""",50,105.67,105.67,,
,Mongolia,Mongolia,,Bain-Dzak,,,"37,810 ± 900",35860± 900,,,Internal part of eggshell.,Struthio asiaticus,,,""" 60746b""",,"Kurochkin et al., 2010",,,""" 43.13""",43.13,""" 103.25",103.25,,
,Mongolia,Mongolia,,Mogoin-Ulagiin-Khets,,,"38,800 ± 1100",36850± 1100,,,Internal part of eggshell.,Struthio asiaticus,,,60743b,,"Kurochkin et al., 2010",,,""" 45.42""",45.42,109.25,109.25,,
,Mongolia,Mongolia,,,,,"35,950 ± 740",34000±740,,,external parts of eggshells,Struthio asiaticus,,,60674a,Consistent with age of internal part within ±2 sigma,,,,,,,,,
,Mongolia,Mongolia,,,,,"37,880 ± 880",35930±880,,,external parts of eggshells,Struthio asiaticus,,,60676a,Consistent with age of internal part within ±2 sigma,,,,,,,,,
,Mongolia,Mongolia,,Naran-Bulak,,,"38,800 ± 1000",36850±1000,,,Internal part of eggshell.,Struthio asiaticus,,,60745b,,"Kurochkin et al., 2016",,,""" 43.47""",43.47,100.42,100.42,,
,Mongolia,Mongolia & Russia,,"Tolbor, Bayangoliin am, Podzvonkaya, Tri Skaly, Ust’- Kyahta",,"34,860 - 44,560","31,427 ±177 - 40,103 ±457",29477±177,,,N=8,,,,,Forest/Steppe or Forest Tundra: cool and dry with high winds. Low lake levels,"Routledge, 2020",,,,,,,,
,Mongolia,Mongolia,,Shabarakh-usu,,"32,985 - 44,345","30,490 ± 780 - 38,600 ± 1000",28540±780,,,N=2,,,,,Warm and wet: broadleaf and needle leaf arboreal species. Steppe at lower elevation,"Routledge, 2020",,,,,,,,
,Mongolia,Mongolia,,,,,"47,210 ± 2900",45260±2900,,,external parts of eggshells,Struthio asiaticus,,,60672b,Inconsistent with age of internal part within ±2 sigma,,,,,,,,,
,Mongolia,Mongolia,,,,,"41,700 ± 1400",39750±1400,,,external parts of eggshells,Struthio asiaticus,,,""" 60673a""",Consistent with age of internal part within ±2 sigma,,,,,,,,,
,Mongolia,Mongolia,,Ikhe-Barkhe-Tologoi,,,"41,700 ± 1600",39750±1600,,,Internal part of eggshell.,Struthio asiaticus,,,60747b,,"Kurochkin et al., 2017",,,""" 45.47""","45.47""",""" 95.13""",95.13,,
delete? looks like janz 2015,Mongolia,Mongolia,,Mantissar,,"17,855 - 18,310","14,857±85",12907±85,,,N=1,,,,,"Improved moisture, unstable steppe with alpine forest","Routledge, 2020",,,,,,,,
,,Japan?,,Otson Tsokhio,,"35,780 - 37,700","32,366±193 - 32,890 ±196",30416193,,,N=4,,,,,Desert/Steppe: relatively wet. Under East Asian Monsoon Regime,"Routledge, 2020",,,,,,,,
delete? looks like janz 2015,,,,"Shara Marun Crossing, Baron Shabaka Well",,"14,200 - 17,475","12,450 ± 74 - 14,129 ± 80",10500±74,,,N=4,,,,,Desert/Steppe: relatively wet. Under East Asian Monsoon Regime,"Routledge, 2020",,,,,,,,
delete? looks like janz 2015,,,,"Alkali Well, Chilian Hotoga Well",,"10,710 - 12,685","9,562 ± 51 - 10,586 ± 56",7612±51,,,N=3,,,,,"Desert/Steppe: arboreal species present (pine), warm and wet","Routledge, 2020",,,,,,,,
Y,,,,Ulan Ereg site (EGS 028),,20456 ± 373,17100 ± 100,15150100,,,OES,Struthio anderssoni Lowe,,,AA80245,in a deflated Pleistocene dune in the Egiin Gol valley (very near Dorolj 1,"Janz et al., 2009",,,,,,,,
Y,,,,BGC1451,,14255 ± 249,12203 ± 73,1025373,,,OES,Struthio anderssoni Lowe,,,AA80246,,"Janz et al., 2009",,,,,,,,
Y,Mongolia,Mongolia,,Mantissar 4,"16,631 - 15,906 BC",,"14,857 ± 85",12907±85,,,finished OES bead,,,K.13290:44,AA87197,,"Janz et al., 2015",,,,,,,,AMS
Y,Mongolia,Mongolia,,Yingen-khuduk,"46,320 - 40,821 BC",,"41,900+-1500",39950±1500,,,rough OES bead,,,K.13212:184,AA87198,,"Janz et al., 2015",,,,,,,,AMS
repeated?,,,,,,,,,,,,,,,,,,,,,,,,,
Y - repeated?,Mongolia,Mongolia,,Mantissar 7,,,">49,900",47950,,,OES fragment,Struthio anderssoni Lowe,,K.13293:29,AA87200,,"Janz et al., 2015",,,,,,,,AMS
Y,Mongolia,Mongolia,,Mantissar 12,,,">47,940",45990,,,broken OES bead,Struthio anderssoni Lowe,,K.13298:60-01,AA87202,,"Janz et al., 2015",,,,,,,,AMS
Y,Mongolia,Mongolia,,Mantissar 12,,,">46,540",44590,,,broken OES bead,Struthio anderssoni Lowe,,K.13298:60-02,AA87199,,"Janz et al., 2015",,,,,,,,AMS
Y,Mongolia,Mongolia,,Mantissar 12,,,">46,840",44890,,,broken OES bead,Struthio anderssoni Lowe,,K.13298:60-03,AA87203,,"Janz et al., 2015",,,,,,,,AMS
Y,Mongolia,Mongolia,,Mantissar 12,,,">47,940",45990,,,rough OES bead,Struthio anderssoni Lowe,,K.13298:55,AA87201,,"Janz et al., 2015",,,,,,,,AMS
Y,Mongolia,Mongolia,,Shabarakh-usu 1 (partially burried),7603 -7506 BC,,8522 ± 50,6572±50,,,OES fragment,Struthio anderssoni Lowe,,73/648B,AA89870,partially buried,"Janz et al., 2015",,,,,,,,AMS
Y,Mongolia,Mongolia,,Shabarakh-usu 1 (partially burried),6433 - 6247 BC,,7483 ± 47,5533±47,,,OES fragment,Struthio anderssoni Lowe,,73/648A,AA89869,partially buried,"Janz et al., 2015",,,,,,,,AMS
Y,Mongolia,Mongolia,,Shabarakh-usu 2 (surface),7305 - 7060 BC,,8159 ± 43,6209±43,,,OES fragment,Struthio anderssoni Lowe,,73/763-01,AA76420,surface,"Janz et al., 2015",,,,,,,,AMS
Y,Mongolia,Mongolia,,Shabarakh-usu 2 (surface),7321 - 7070 BC,,8184 ± 44,6234±44,,,OES fragment,Struthio anderssoni Lowe,,73/763-02,AA76421,surface,"Janz et al., 2015",,,,,,,,AMS
Y,Mongolia,Mongolia,,Shabarakh-usu 2 (surface),7045 - 6703 BC,,7969 ± 37,6019±37,,,OES bead blank,Struthio anderssoni Lowe,,73/764-01,AA76419,surface,"Janz et al., 2015",,,,,,,,AMS
Y,Mongolia,Mongolia,,Shabarakh-usu 2 (excavated),7570 - 7347 BC,,8396 ± 52,6446±52,,,OES fragment,Struthio anderssoni Lowe,,73/790-01,AA76416,excavated,"Janz et al., 2015",,,,,,,,AMS
Y,Mongolia,Mongolia,,Shabarakh-usu 2 (excavated),7476 - 7145 BC,,8268 ± 44,6318±44,,,OES fragment,Struthio anderssoni Lowe,,73/790-02,AA76417,excavated,"Janz et al., 2015",,,,,,,,AMS
"repeats, combine?",Mongolia,Mongolia,Bayan-dzak,Shabarakh-usu 2,,34049 ± 726,30490 ± 780,28540780,,,OES,Struthio anderssoni Lowe,,,AA76418,"ssociated archaeological dates from Shiyu and Xiaonanhui fall in late MIS 3 (37.6–25 ka BP), when climate was drier","Janz et al., 2009",,,,,,,,
"Y repeats, combine?",Mongolia,Mongolia,,Shabarakh-usu 2 (excavated),"34,144 - 31,035 BC",,"30,490 ± 780",28540±780,,,OES fragment,Struthio anderssoni Lowe,,73/790-03,AA76418,excavated,"Janz et al., 2015",,,,,,,,AMS
Y,Mongolia,Mongolia,,Shabarakh-usu 4 (hearth features),6564 - 6376 BC,,7589 ± 47,5639±47,,,OES fragment,Struthio anderssoni Lowe,,73/894A,AA89874,hearth features,"Janz et al., 2015",,,,,,,,AMS
Y,Mongolia,Mongolia,,Shabarakh-usu 6 surface,7599 - 7365 BC,,8473 ± 64,6523±64,,,OES fragment,Struthio anderssoni Lowe,,73/984A,AA89875,surface,"Janz et al., 2015",,,,,,,,AMS
Y,Mongolia,Mongolia,,Shabarakh-usu 6 excavated,7459 - 7086 BC,,8254 ± 47,6304±47,,,OES fragment,Struthio anderssoni Lowe,,73/998A,AA89876,excavated,"Janz et al., 2015",,,,,,,,AMS
Y,Mongolia,Mongolia,,Shabarakh-usu 7,7139 - 6820 BC,,8054 ± 43,6104±43,,,OES fragment,Struthio anderssoni Lowe,,73/1034-01,AA76422,,"Janz et al., 2015",,,,,,,,AMS
Y,Mongolia,Mongolia,,Shabarakh-usu 7,"42,397 - 39,193 BC",,"38,600 ± 1000",36650±1000,,,OES fragment,Struthio anderssoni Lowe,,73/1034-02,AA76423,,"Janz et al., 2015",,,,,,,,AMS
Y,Mongolia,Mongolia,,Shabarakh-usu 7,7588 - 7357 BC,,8439 ± 60,6489±60,,,OES fragment,Struthio anderssoni Lowe,,73/1034-03,AA76424,,"Janz et al., 2015",,,,,,,,AMS
Y,Mongolia,Mongolia,,Shabarakh-usu 7,7184 - 6823 BC,,8081 ± 49,6131±49,,,OES bead blank,Struthio anderssoni Lowe,,73/1035-01,AA76425,,"Janz et al., 2015",,,,,,,,AMS
Y,Mongolia,Mongolia,,Orok Nor,7508 - 7185 BC,,8307 ± 56,6357±56,,,OES fragment,,,73/1790A,AA89882,,"Janz et al., 2015",,,,,,,,AMS
Y,Mongolia,Mongolia,,Orok Nor,7531 - 7191 BC,,8338 ± 55,6388±55,,,OES fragment,,,73/1790B,AA89883,,"Janz et al., 2015",,,,,,,,AMS
"Y repeats, combine?",China,China (PRC),eastern Inner Mongolia,Baron Shabaka (BS19),,14829 ± 298,12509 ±59,10559±59,,,OES,Struthio anderssoni Lowe,,2225-01,AA76426,,"Janz et al., 2009",,,,,,,,
"Y repeats, combine?",Mongolia,Mongolia,,Baron Shabaka Well (1928 e Site 19) hearth features,"13,134 - 12,371 BC",,"12,509 ± 59",10559±59,,,OES fragment,Struthio anderssoni Lowe,,73/2225-01,AA76426,,"Janz et al., 2015",,,,,,,,AMS
"Y repeats, combine?",China,China (PRC),eastern Inner Mongolia,Baron Shabaka (BS19),,14714 ± 333,12450 ± 74,10500±74,,,OES,Struthio anderssoni Lowe,,2225-02,AA76427,,"Janz et al., 2009",,,,,,,,
"Y repeats, combine?",Mongolia,Mongolia,,Baron Shabaka Well (1928 e Site 19) hearth features,"13,064 - 12,249 BC",,"12,450 ± 74",10500±74,,,OES fragment,Struthio anderssoni Lowe,,73/2225-02,AA76427,,"Janz et al., 2015",,,,,,,,AMS
Y,Mongolia,Mongolia,,Shara Murun Crossing (1928 e Site 3),"13,129 - 12,249 BC",,"12,497 ± 70",10547±70,,,OES fragment,Struthio anderssoni Lowe,,73/2303A,AA89890,,"Janz et al., 2015",,,,,,,,AMS
Y,Mongolia,Mongolia,,Ta Sur Heigh (1928 e Site 7),"15,528 - 14,979 BC",,"14,129 ± 80",12179±80,,,OES fragment,Struthio anderssoni Lowe,,73/2403A,AA89891,,"Janz et al., 2015",,,,,,,,AMS
Y,Mongolia,Mongolia,,Alkali Well (1928 e Site 26),9172 - 8763 BC,,9562 ± 51,7612±51,,,OES fragment,Struthio anderssoni Lowe,,73/2646A,AA89893,,"Janz et al., 2015",,,,,,,,AMS
Y,Mongolia,Mongolia,,Chilian Hotoga Well (1928 e Site 35) hearth features,"10,734 - 10,472 BC",,"10,586 ± 56",8636±56,,,OES fragment,Struthio anderssoni Lowe,,73/2800A,AA89898,,"Janz et al., 2015",,,,,,,,AMS
Y,Mongolia,Mongolia,,Chilian Hotoga Well (1928 e Site 35) hearth features,"10,027 - 9452 BC",,"10,103 ± 55",8153±55,,,OES fragment,Struthio anderssoni Lowe,,73/2800C,AA89899,,"Janz et al., 2015",,,,,,,,AMS
repeated/condense delete,Mongolia,Mongolia,Bayan-dzak,Shabarakh-usu 2,7321-7070 BC,9145 ± 84???,8184 ± 44,6234±44,,,OES fragment,Struthio anderssoni Lowe,,73/763-02,AA76421,,"Janz et al., 2015",,,,,,,,AMS
,Mongolia,Mongolia,,,,,""" 22,110 ± 140""",,,,external parts of eggshells,Struthio asiaticus,,,60675b,Inconsistent with age of internal part within ±2 sigma,,,,,,,,,
,Mongolia,Mongolia,,,,,"44,800 ± 2100",42850±2100,,,external parts of eggshells,Struthio asiaticus,,,60677a,Consistent with age of internal part within ±2 sigma,,,,,,,,,
,Mongolia,Mongolia,South Gobi,Shabarkh-usu,,"32,984 - 36,093",,,,,,,,,73/790A03,,,,,42.81807°N,42.81807,104.1379°E,104.1379,,
,Mongolia,Mongolia,South Gobi,Shabarkh-usu,,"9,455 - 9,552",,,,,,,,,73/648B,,,,,42.81807°N,42.81807,104.1379°E,104.1379,,
,Mongolia,Mongolia,South Gobi,Shabarkh-usu,,"41,142 - 44,346",,,,,,,,,73/1034A02,,,,,42.81807°N,42.81807,104.1379°E,104.1379,,
,Mongolia,Mongolia,South Gobi,Shabarkh-usu,,"8,769 - 9,088",,,,,,,,,73/1034A01,,,,,42.81807°N,42.81807,104.1379°E,104.1379,,
,Mongolia,Mongolia,EAST GOBI,Shara Murun Crossing,,"14,276 - 15,078",,,,,,,,,73/2303,,,,,43.3938°N,43.3938,111.0334°E,111.0334,,
,Mongolia,Mongolia,EAST GOBI,Shara Murun Crossing,,"16,928 - 17,477",,,,,,,,,73/2403A,,,,,43.3938°N,43.3938,111.0334°E,111.0334,,
,Mongolia,Mongolia,EAST GOBI,Alkali Well,,,,,,,,,,,"10,712-11,121",,,,,,,,,,
,Mongolia,Mongolia,EAST GOBI,Chilian Hotoga Well,,,,,,,,,,,"12,421-12,683",,,,,,,,,,
,Mongolia,Mongolia,EAST GOBI,Baron Shabaka Well,,"14,320 - 15,083",,,,,,,,,"11,401-11,976",,,,,43.3929°N,43.3929,112.2920°E,112.292,,
,Mongolia,Mongolia,EAST GOBI,,,"14,198 - 15,013",,,,,,,,,"14,320-15,083",,,,,43.3929°N,43.3929,112.2920°E,112.292,,
,Mongolia,Mongolia,South Gobi,Shabarakh-usu,,"9,314 - 9,548",,,,,,,,,73/984A,,,,,,,,,,
,Mongolia,Mongolia,South Gobi,Shabarakh-usu,,"8,325 - 8,513",,,,,,,,,73/894A,,,,,,,,,,
,Mongolia,Mongolia,South Gobi,Shabarakh-usu,,"9,009 - 9,254",,,,,,,,,73/763A01,,,,,,,,,,
,Mongolia,Mongolia,South Gobi,Shabarakh-usu,,"9,019 - 9,270",,,,,,,,,73/763A02,,,,,,,,,,
,,Japan/ Mongolia check,Eastern Steppe,Otson Tsokhio,,"35,780 - 36,718",,,,,,,,,ots.18.B2.L:4 (wall),,,,,46.8651°N,46.8651,103.8330°E,103.833,,
,Russia,Russia,Tuva,Khadyn,,,"12,985 ± 65",11035±65,,,OES,Struthio asiaticus,,,79776,,"Kurochkin et al., 2021",,,51.33,51.33,94.67,94.67,,
,Russia,Russia,Tuva,Tore-Khol Lake,,,"12,995 ± 75",11045± 75,,,OES,Struthio asiaticus,,,79777,,"Kurochkin et al., 2022",,,50.08,50.08,95.17,95.17,,
,Russia,Russia,Transbaikal,,,,"12,800 ± 45",10850± 45,,,external parts of eggshells,Struthio asiaticus,,,"""","60678a""",Consistent with age of internal part within ±2 sigma,,,,,,,,
,Russia,Russia,Transbaikal,Tologoi,,,"12,860 ± 70",10910± 70,,,Internal part of eggshell.,Struthio asiaticus,,,60748b,,"Kurochkin et al., 2018",,,51.72,51.72,107.42,107.42,,
,Russia,Russia,Transbaikal,Povorot,,,"41,200 ± 1400",39250± 1400,,,Internal part of eggshell.,Struthio asiaticus,,,60740b,,"Kurochkin et al., 2019",,,50.95,50.95,106.65,106.65,,
,Russia,Russia,Transbaikal,Angarkhai,,,"41,700 ± 1400",39750± 1400,,,Internal part of eggshell.,Struthio asiaticus,,,60741b,,"Kurochkin et al., 2020",,,""" 50.55""",50.55,105.25,105.25,,
,Russia,Russia,Transbaikal,,,,""" 41,300 ± 1400""",39350 ± 1400,,,external parts of eggshells,Struthio asiaticus,,,60670a,Consistent with age of internal part within ±2 sigma,,,,,,,,,
,Russia,Russia,Transbaikal,,,,"36,300 ± 740",34350±740,,,external parts of eggshells,Struthio asiaticus,,,""" 60671b""",Inconsistent with age of internal part within ±2 sigma,,,,,,,,,
Y,India,India,,Mehtakheri,,,">41,900",39950,,,OES,,,,AA 8463,,Mishra 1995,,,,,,,,AMS C14
Y,India,India,,Chandresal,,,38000 ± 700,36050±700,,,OES,,,,Grn 10638,,,,,,,,,,C14
Y,India,India,,Chandresal,,,38900 ± 700,36950±700,,,OES,,,,Grn 10638,lower level/ early phase of Upper Paleolithic deposits,x,Mook 1982 (couldn't get),"Mook, W. G. 1982 Pers. Comm. to V.S. Wakankar, 6 Sept. 1982",,,,,,Radio carbon
Y,India,India,,Chandresal,,,36550 ± 600,34600±600,,,OES,,,,Grn 10639,upper lever/ early phase of Upper Paleolithic deposits,Kumar,Mook 1982 (couldn't get),"Mook, W. G. 1982 Pers. Comm. to V.S. Wakankar, 6 Sept. 1982",,,,,,Radio carbon
Y - need to request paper,India,India,,Nagda,,,>31000 BP,29050,,,OES,,,,PRL 854,(early upper paleolithic),Kumar,Agrawal 1987,"Agrawal, D. P. 1987: Pres. Comm. 19 March 1982",,,,,,Radio carbon
Y - need to request paper,India,India,,Ramnagar,,,>31000 BP,29050,,,OES,,,,PRL 1196,(early upper paleolithic),Kumar,Agrawal 1987,"Agrawal, D. P. 1987: Pres. Comm. 19 March 1982",,,,,,Radio carbon
,India,India,,chandresal,,,,,,36000-39000,,,,,,,"Bednarik, R 2000",,,,,,,,
,India,India,,India,,,,,,,,,,,,,"Blinkhorn et al., 2015",,,,,,,,stable isotop/AMS) radiocarbon methods
,India,India,Northern India,Siwalik Hills near Chandiagarh,,,Middle Pleistocene,,,,,Struthio sp.,,,,,"Kaur, 2022",,,,,,,,
Y,India,India,"Nagaur District, Rajasthan in the northeastern Thar Desert",Katoati (KAT1-23a),,,>57900,55950,,,OES fragment,Struthi camellus,,,OxA-25897,"KAT1 is situated within the fluvio-aeolian deposits, where a gully exposed a deep, stratified sequence. The age range for Middle Palaeolithic occupations at KAT1 also overlaps with the hominin occupations of Arabia and the Sahara","Blinkhorn et al., 2013",,,E7411 035.4400,7411 035.4400,N2713019.3800,2713019.38,"Katoati is located in Nagaur District, Rajasthan in the northeastern Thar Desert at (E7411 035.4400,N2713019.3800). The Jayal Formation, a tectonically uplifted boulder-conglomerate horizon (of Early or Pre-Quaternary origin)",
Y,India,India,"Nagaur District, Rajasthan in the northeastern Thar Desert",Katoati (KAT2-e),,,49500 + 800,47550±800,,,,,,,OxA-25901,"KAT1 is situated within the fluvio-aeolian deposits, where a gully exposed a deep, stratified sequence. The age range for Middle Palaeolithic occupations at KAT1 also overlaps with the hominin occupations of Arabia and the Sahara","Blinkhorn et al., 2015",,,E7411 035.4400,7411 035.4400,N2713019.3800,2713019.38,"Katoati is located in Nagaur District, Rajasthan in the northeastern Thar Desert at (E7411 035.4400,N2713019.3800). The Jayal Formation, a tectonically uplifted boulder-conglomerate horizon (of Early or Pre-Quaternary origin)",
Y,India,India,"Nagaur District, Rajasthan in the northeastern Thar Desert",Katoati (KAT2-a),,,>59900,57950,,,,,,,OxA-25899,"KAT1 is situated within the fluvio-aeolian deposits, where a gully exposed a deep, stratified sequence. The age range for Middle Palaeolithic occupations at KAT1 also overlaps with the hominin occupations of Arabia and the Sahara","Blinkhorn et al., 2015",,,E7411 035.4400,7411 035.4400,N2713019.3800,2713019.38,"Katoati is located in Nagaur District, Rajasthan in the northeastern Thar Desert at (E7411 035.4400,N2713019.3800). The Jayal Formation, a tectonically uplifted boulder-conglomerate horizon (of Early or Pre-Quaternary origin)",
Y,India,India,"Nagaur District, Rajasthan in the northeastern Thar Desert",Katoati (KAT3),,,>52100±1100,50150±1100,,,,,,,OxA-25902,"KAT1 is situated within the fluvio-aeolian deposits, where a gully exposed a deep, stratified sequence. The age range for Middle Palaeolithic occupations at KAT1 also overlaps with the hominin occupations of Arabia and the Sahara","Blinkhorn et al., 2015",,,E7411 035.4400,7411 035.4400,N2713019.3800,2713019.38,"Katoati is located in Nagaur District, Rajasthan in the northeastern Thar Desert at (E7411 035.4400,N2713019.3800). The Jayal Formation, a tectonically uplifted boulder-conglomerate horizon (of Early or Pre-Quaternary origin)",
Y,India,India,"Nagaur District, Rajasthan in the northeastern Thar Desert",Katoati (Kat1-23b),,,>62000,60050,,,OES fragment,Struthi camellus,,,OxA-25898,"KAT1 is situated within the fluvio-aeolian deposits, where a gully exposed a deep, stratified sequence. The age range for Middle Palaeolithic occupations at KAT1 also overlaps with the hominin occupations of Arabia and the Sahara","Blinkhorn et al., 2013",,,E7411 035.4400,7411 035.4400,N2713019.3800,2713019.38,"Katoati is located in Nagaur District, Rajasthan in the northeastern Thar Desert at (E7411 035.4400,N2713019.3800). The Jayal Formation, a tectonically uplifted boulder-conglomerate horizon (of Early or Pre-Quaternary origin)",
Y,India,India,"Nagaur District, Rajasthan in the northeastern Thar Desert",JFL2,,,43350 ± 650,41400±650,,,sample of OES,Struthi camellus,,,OxA-19407,,"Blinkhorn et al., 2013",,,,,,,,
Y,India,India,"Nagaur District, Rajasthan in the northeastern Thar Desert",KAT4,,,45100 ± 500,43150±500,,,,,,,OxA-25903,,"Blinkhorn et al., 2015",,,,,,,,
Y,India,India,"Nagaur District, Rajasthan in the northeastern Thar Desert",KAT2,,,">45,000",43050,,,,,,,AA 96726,,"Blinkhorn et al., 2015",,,,,,,,
,Mongolia,Mongolia,,Mantissar,,,">46,000",44050,,,N=5,,,,,N/a,"Routledge, 2020",,,,,,,,
check,,,,Northeast Asia,,,">47,950 to 6433–6247 BC ",46000,,,,,,,,,"Janz et al., 2015",,,,,,,,Accelerator Mass Spectrometry (AMS)
,,,,MIS2,,,29-14 Ka radiocarbon,27050,,,,struthio camelus,,,,,"Janz et al., 2021",,,,,,,,
,Ukraine,Ukraine (Hrebenyky),,,,,,,,~16-11.6 m (Middle Miocene),"skull, 10 cervical vertebrae, pelvis, L tibiotarsus, L tarsometatarsus, phalnges 1-4 digiti pedis III, phalanges 1-4 digiti pedis IV, 4 femora",Struthio brachydactylus,,,,,"Burchak-Abramovich, 1939; Burcak-Abramovic, 1949",,,47.459444,47.459444,31.945278,31.945278,,
,,Syrian and Arabian deserts (extinct?),,,,,,,,Extant,,Struthio camelus syriacus,,,,,,,,34.802075,34.802075,38.996815,38.996815,,
,Greece,Greece,Samos,,,,,,,,femur+,Struthio karatheodoris ,,,,,"Forsyth Major, 1888, N. I. _urchak-Abramovich and A. K. Vekua 1990 ",,,,,,,,
,Hungary,"Kisláng, Hungary",County Fejér,,,,,,,,100 eggshell fragments,,,,,,,,,,,,,,
,,Syrian and Arabian deserts (extinct?),,,,,,,,Extant,,Struthio camelus syriacus,,,,,,,,34.802075,34.802075,38.996815,38.996815,,
,,,Table 1: Geographic Distributions and Age of Ostrich Eggshells from Africa,,,,,,,,,,,,,,,,,,,,,,
,,"S Ethiopia, Somalia, NE Kenya",,,,,,,,Extant,,Struthio molybdophanes,,,,,,,,5.152149,5.152149,46.199616,46.199616,,
,,"Sahel N Africa, Sudan",,,,,,,,Extant,,Struthio camelus camelus,,,,,,,,12.862807,12.862807,30.217636,30.217636,,
,,"Sahel N Africa, Sudan",,,,,,,,Extant,,Struthio camelus camelus,,,,,,,,12.862807,12.862807,30.217636,30.217636,,
,,"S Kenya, E Tanzania",,,,,,,,Extant,,Struthio camelus massaicus,,,,,,,,-0.023559,-0.023559,37.906193,37.906193,,
,,S Africa,,,,,,,,Extant,,Struthio camelus australis,,,,,,,,-30.559482,-30.559482,22.937506,22.937506,,
,,"S Ethiopia, Somalia, NE Kenya",,,,,,,,Extant,,Struthio molybdophanes,,,,,,,,5.152149,5.152149,46.199616,46.199616,,
,,"S Kenya, E Tanzania",,,,,,,,Extant,,Struthio camelus massaicus,,,,,,,,-0.023559,-0.023559,37.906193,37.906193,,
,,"Sahel N Africa, Sudan",,,,,,,,Extant,,Struthio camelus camelus,,,,,,,,12.862807,12.862807,30.217636,30.217636,,
,,Libia,,,,,,,,200000-180000,,,,,,,"Bednarik, R 1999",,,,,,,,
,South Africa,South Africa,,,,,,,,70-80,beads,,,,,,"Bednarik, R 1998",,,,,,,,
,South Africa,South Africa,,,,,,,,Extant,,Struthio camelus australis,,,,,,,,-30.559482,-30.559482,22.937506,22.937506,,
,South Africa,South Africa,"Langebaanweg,",,,,,,,,,Struthio sp.,,,,,"Rich, 1980",,,,,,,,
,South Africa,South Africa,Langebaanweg,,,,,,,,,Struthio sp.,,,,,"Rich, 1980",,,,,,,,
,Kenya,Western Kenya,,,,,,,,~16 - 5.3,"fragments of hind limbs, didactyl foot; casts at Natural History Museum London",Struthio sp.,,,,,Pickford 1981,,,,,,,,
,,Namibia,,,,,,,,20 ma,fossilized ostrich,,,,,,,,,,,,,,
,,,,,,,,,,,,,,,,,,,,,,,,,
,,,,,,,6 million year.,1944millionyear.,,,,Linxia ostrich,,,,,,,,,,,,,
,,,,,,,,,,,,,,,,,,,,,,,,,
,,,,,,,,,,,,,,,,,,,,,,,,,
,,,,,,,,,,,,,,,,,,,,,,,,,
,,,,,,,,,,,,,,,,,,,,,,,,,
,,,,,,,,,,,,,,,,,,,,,,,,,
,,,,,,,,,,,,,,,,,,,,,,,,,
,,,,,,,,,,,,,,,,,,,,,,,,,
,,,,,,,,,,,,,,,,,,,,,,,,,
,,,,,,,,,,,,,,,,,,,,,,,,,
,,,,,,,,,,,,,,,,,,,,,,,,,
,,,,,,,,,,,,,,,,,,,,,,,,,
,,,,,,,,,,,,,,,,,,,,,,,,,
,,,,,,,,,,,,,,,,,,,,,,,,,
,,,,,,,,,,,,,,,,,,,,,,,,,
,,,,,,,,,,,,,,,,,,,,,,,,,
,,,,,,,,,,,,,,,,,,,,,,,,,
,,,,,,,,,,,,,,,,,,,,,,,,,
,,,,,,,,,,,,,,,,,,,,,,,,,
,,,,,,,,,,,,,,,,,,,,,,,,,
,,,,,,,,,,,,,,,,,,,,,,,,,
,,,,,,,,,,,,,,,,,,,,,,,,,
,,,,,,,,,,,,,,,,,,,,,,,,,
,,,,,,,,,,,,,,,,,,,,,,,,,
,,,,,,,,,,,,,,,,,,,,,,,,,
,,,,,,,,,,,,,,,,,,,,,,,,,
,,,,,,,,,,,,,,,,,,,,,,,,,
,,,,,,,,,,,,,,,,,,,,,,,,,
,,,,,,,,,,,,,,,,,,,,,,,,,
,,,,,,,,,,,,,,,,,,,,,,,,,
,,,,,,,,,,,,,,,,,,,,,,,,,
,,,,,,,,,,,,,,,,,,,,,,,,,
,,,,,,,,,,,,,,,,,,,,,,,,,
,,,,,,,,,,,,,,,,,,,,,,,,,
,,,,,,,,,,,,,,,,,,,,,,,,,
,,,,,,,,,,,,,,,,,,,,,,,,,
,,,,,,,,,,,,,,,,,,,,,,,,,
,,,,,,,,,,,,,,,,,,,,,,,,,
,,,,,,,,,,,,,,,,,,,,,,,,,
,,,,,,,,,,,,,,,,,,,,,,,,,
,,,,,,,,,,,,,,,,,,,,,,,,,
,,,,,,,,,,,,,,,,,,,,,,,,,
,,,,,,,,,,,,,,,,,,,,,,,,,
,,,,,,,,,,,,,,,,,,,,,,,,,
,,,,,,,,,,,,,,,,,,,,,,,,,
,,Zhoukkuodian...,,,,,,,,,,,,,,,,,,,,,,,